canonical,entity_type,mishearings,aliases,description,note
QIAstat,machine,"[""qi stat"", ""q stat"", ""q\u0131 stat"", ""qia stat""]",[],"Modular syndromic testing system for rapid molecular diagnostics. Respiratory, GI, meningitis panels.",Should not become generic device event unless actual use/result is stated
Novothor,machine,"[""Novathor"", ""Novothorr"", ""The Novator""]","[""NovoTHOR Device"", ""NovoTHOR Bed""]",Full-body red light / photobiomodulation therapy bed.,
Vielight Nasal,machine,"[""violin no thing"", ""VioLite nose"", ""naisal""]","[""Vielight nose light"", ""Vielight nose thing""]",Nasal applicator for red/NIR photobiomodulation therapy.,
Vielight Chest,machine,"[""VioLite chest piece"", ""VioLite chest""]","[""Vielight chest piece""]",Chest applicator for red/NIR photobiomodulation therapy.,
HUME scale,device,"[""human scale""]","[""hume"", ""Hume Scales"", ""Hume scale"", ""Body scale""]",Body weight and composition scale.,
Plaud,device,[],[],Wearable voice recording device.,
PHGG,intake,"[""p h g g""]","[""fiber powder"", ""fibre powder""]",Partially hydrolyzed guar gum. Prescribed prebiotic gut supplement.,Recurring gut supplement
Citrulline,intake,"[""circuit""]",[],Amino acid supplement for performance and circulation.,
Psyllium husk,intake,"[""selenium husk""]","[""Psyllium""]",Soluble fiber supplement.,
Oura Ring,device,"[""our fury"", ""ovary"", ""All women"", ""Aura"", ""order"", ""Oteria"", ""the order""]","[""oura"", ""Oura"", ""ring""]","Wearable ring tracker for sleep, HRV, and activity.",
nasopharyngeal prodromal pain,symptom,[],[],Gabriel's personal early warning sign. Pain or tickle at the junction of nasal cavity and throat. Precedes illness onset 90%+ of the time. Not a general sore throat.,
Circadin,intake,"[""circadine""]","[""Melatonin"", ""night pill""]",Prolonged-release melatonin medication for sleep.,
Glycine,intake,[],[],Amino acid supplement. Commonly taken for sleep support.,
craniosacral therapy,activity,"[""Cranial psychotherapist""]",[],Manual therapy technique. Gabriel receives sessions from a therapist.,
bowel frequency,symptom,[],"[""going to bathroom X times"", ""bathroom frequency""]",Number of bowel movements per day. High frequency (6+/day) is clinically significant.,
gas,symptom,[],"[""flatulence"", ""bloating"", ""gassy""]","Gas severity and frequency. Include timing if mentioned (e.g. after meals, overnight).",
abdominal pain,symptom,[],"[""stomach pain"", ""gut pain"", ""stomach ache"", ""belly pain""]",Pain or discomfort in the abdominal area.,
bowel urgency,symptom,[],"[""urgent bathroom"", ""running to toilet"", ""urgency""]",Sudden urgent need to defecate.,
stool consistency,symptom,"[""Stoll""]","[""stool quality"", ""soft stool"", ""loose stool"", ""stool mess"", ""sloppy stool""]",Quality and consistency of bowel movements. Capture user's own language.,
nocturia,symptom,"[""knocked her"", ""in nocturia"", ""had bacteria""]",[],Waking at night to urinate. Track number of bouts.,
HRV,measurement,"[""HIV"", ""interviews in the gutter""]",[],Heart rate variability. Device-tracked metric.,
Lion's Mane,intake,"[""lines main""]",[],Medicinal mushroom supplement.,
Cold-Eeze,intake,"[""cold easy""]",[],Zinc lozenge for cold symptom relief.,
TUDCA,intake,"[""tutka""]",[],Bile acid supplement for liver support.,
berberine,intake,"[""verbarin"", ""burpuring timing""]",[],Plant-derived supplement for blood sugar and metabolic support.,
Sumatriptan,intake,"[""Sumatran pen""]",[],Prescription migraine medication.,
Cerelle,intake,"[""Serrel""]",[],Progestogen-only contraceptive pill.,
Evorel patch,intake,"[""Everel patch""]",[],HRT estradiol patch.,
magnesium threonate,intake,"[""magnesium tyrannoate""]","[""Magtein"", ""Magnesium""]",Form of magnesium that crosses the blood-brain barrier.,
Dioralyte,intake,"[""dirolytes""]",[],Oral rehydration electrolyte sachets.,
Cetrotide,intake,"[""Ketrotide""]",[],GnRH antagonist used in fertility treatment.,
semaglutide,intake,"[""semiagglutate""]",[],GLP-1 receptor agonist medication.,
levothyroxine,intake,"[""levotroxine""]",[],Thyroid hormone replacement medication.,
NAD Plus,intake,"[""Nat Plus""]","[""NAD+""]",NAD+ infusion or supplement for cellular energy.,
KSM-66,intake,"[""KCM 63""]",[],Branded ashwagandha extract (full-spectrum root).,
Cronometer,other,"[""chronometer""]",[],Nutrition and calorie tracking app.,
phospholipid,intake,"[""fossil lipid""]",[],Lipid supplement for cell membrane support.,
sacroiliac joint,symptom,"[""sac joint""]",[],Joint connecting the sacrum to the iliac bone. Gabriel has recurring pain in this area.,
Hojicha,intake,"[""Hoji"", ""hoji isa""]","[""houjicha""]",Roasted Japanese green tea.,
Hevy,other,"[""heavy""]",[],Workout tracking app.,
PEMF device,machine,"[""ponds device"", ""ponds""]",[],Pulsed electromagnetic field therapy device.,
onsen,activity,"[""on sale"", ""Hansen"", ""nonsense"", ""on send"", ""unsent"", ""unsend"", ""onsin""]","[""onsen cycles"", ""hot tub + cold refresh""]",Japanese hot spring / hot bath session. Gabriel alternates with cold plunge.,
cold plunge,activity,"[""cold lunch"", ""cold flu"", ""called plunge"", ""call plunged"", ""cold clenched""]","[""head dunks""]",Cold water immersion session.,
blepharitis,symptom,"[""awful black arthritis""]",[],Inflammation of the eyelids. Gabriel has recurring episodes.,
viral wart,symptom,"[""viral work""]",[],HPV-caused wart.,
Lumen,device,[],"[""Lumen metabolic breath device"", ""lumen score""]",Metabolic breath testing device measuring CO2 to determine fat/carb burn.,
magnesium glycinate,intake,"[""magnesium glycid glycinate""]",[],Chelated magnesium supplement for sleep and relaxation.,
Withings scale,device,"[""Whiting scale""]",[],Smart body weight scale.,
Libre,device,"[""Libra""]","[""FreeStyle Libre""]",Continuous glucose monitor by Abbott.,
sourdough,meal,"[""sordo""]",[],,
Blastocystis hominis,symptom,"[""blastos"", ""blasto""]","[""BLASTO""]",Pathogenic intestinal parasite. Gabriel refers to it as 'blasto'.,
sulodexide,intake,"[""side of beside"", ""seligiline"", ""selegiline""]",[],,
Biobeat,machine,[],[],blood pressure continuous monitor wearable,
Capillus,machine,[],"[""Red light therapy"", ""light cap"", ""light therapy"", ""hair loss hat""]",,
Continuous Glucose Monitor,machine,[],"[""Dexcom"", ""CGM"", ""Glucose monitor"", ""Blood Glucose"", ""Blood Sugar""]",,
Evy Light,machine,[],[],,
Fitbit,device,[],[],,
Whoop,device,[],[],,
Game Ready,device,[],[],,
Hume Scales,device,[],"[""Hume"", ""Scales""]",,
iSTAT Alinity,device,[],[],,
Eight Sleep,device,[],"[""8sleep"", ""Eight""]",,
ResMed AirMini CPAP,device,[],"[""CPAP"", ""Sleep Machine""]",,
Neurosom,device,[],[],,
Lactate Monitor - Lactate Pro 2,device,[],"[""Lactate""]",,
NovoTHOR Device,machine,[],[],,
NovoTHOR Bed,machine,[],[],,
Coagucheck INR,device,[],[],,
VO2 Master,device,[],[],,
Firefly Recovery Band,device,[],"[""Firefly""]",,
Pulsio Compression Sleeve,device,[],[],,
Hemocue,device,[],[],,
Adam Health,device,[],[],,
Continuous Ketone Monitor,device,[],"[""CKM""]",,
FoodMarble,device,[],[],,
Platinga Insoles,device,[],[],,
Hytro Shorts,device,[],"[""BFR"", ""Blood Flow Restriction"", ""Space Shorts""]",,
PureFlow,device,[],[],,
Luminette,device,[],[],,
Thumb Oximeter,device,[],"[""Oximeter""]",,
PolarCap,device,[],[],,
Flow Headset,machine,[],[],,
Cefaly,machine,[],"[""migraine device""]",,
BrainScope,machine,[],[],,
Lumia,machine,[],"[""TCD"", ""brain blood flow.""]",,
Vielight X-Plus,machine,[],[],,
Artinis NIRS,machine,[],[],,
Withings BP cuff,device,[],[],,
Optibac,intake,[],"[""probiotic""]",,
Tongkat Ali,intake,[],[],,
MitoQ,intake,[],[],,
DHEA,intake,[],[],,
Nustendi,intake,[],"[""nexlizet"", ""bempedoic acid"", ""ezetimibe""]",,
Blackcurrant Extract,intake,[],[],,
MitoPure,intake,[],"[""Urolithin A"", ""timeline""]",,
NAC,intake,[],[],,
Betaine TMG,intake,[],"[""Betaine Anhydrous TMG""]",,
Siliphos,intake,[],[],,
Boswellia,intake,[],[],,
Iron,intake,[],"[""Eisen complex"", ""+ vitamin C""]",,
Collagen,intake,[],[],,
Gaba,intake,[],"[""L-theanine""]",,
Omega-3,intake,[],"[""fish oil""]",,
ProdromeNeuro,intake,[],"[""plasmalogen""]",,
ProdromeGlia,intake,[],"[""plasmalogen""]",,
Psyllium,intake,[],"[""fibre powder""]",,
Lactoferrin,intake,[],[],,
Vitamin D3K2,intake,[],[],,
Tadalafil,intake,[],"[""Cialis""]",,
Zinc,intake,[],"[""L-carnosine""]",,
Magtein,intake,[],"[""Magnesium""]",,
Procurcumin,intake,[],"[""curcumin"", ""tisso""]",,
Ashwagandha,intake,[],[],,
Nytol,intake,[],[],,
Betaine HCL & Pepsin,intake,[],[],,
Advanced multi-enzyme,intake,[],"[""Enzyme complex""]",,
Acarbose,intake,[],[],,
HMB,intake,[],[],,
Creatine,intake,[],"[""Creatine monohydrate""]",,
L-glutamine,intake,[],[],,
CocoaVia,intake,[],"[""coco powder""]",,
Leucine,intake,[],[],,
Whey,intake,[],"[""protein""]",,
Truvani,intake,[],"[""protein""]",,
Re-Lyte,intake,[],"[""electrolytes""]",,
UCAN,intake,[],[],,
Repatha,intake,[],"[""injection"", ""PCK9 inhibitor""]",,
Copper,intake,[],[],,
Vitamin B6,intake,[],[],,
Niacin,intake,[],[],,
PEA,intake,[],"[""Luteolin""]",,
CoQ10,intake,[],"[""coenzyme 10""]",,
L-glutathione,intake,[],"[""300 reduced""]",,
SS 31,intake,"[""*SS31 (e.g."", ""DSS 31)""]","[""SS31""]",,
BPC 157,intake,[],"[""BPC""]",,
TB 500,intake,[],"[""TB""]",,
Ipamorelin,intake,"[""ipa""]","[""growth hormone""]",,
Polar,device,"[""pollar""]","[""heart rate strap"", ""polar strap""]",,
Oura,device,"[""Aura"", ""order"", ""Oteria"", ""\""the order\""""]","[""oura"", ""oura ring""]",,
Lumen metabolic breath device,device,[],"[""Lumen""]",,
Dexcom continuous glucose monitor (CGM),device,"[""decks"", ""the decks""]","[""Dexcom"", ""CGM"", ""Glucose monitor"", ""Blood Glucose"", ""Blood Sugar""]",,
Ultrasound,test,[],"[""vein check"", ""venous check""]",,
Double‑labeled water test,test,[],"[""double labeled water""]",,
Stool test,test,"[""blastos""]","[""gut test"", ""full gut panel"", ""blasto""]",,
IV infusion,test,[],"[""IV"", ""infusion"", ""IV blood draw""]",,
SS-31 peptide,intake,"[""SR71"", ""SR 71"", ""SR\u201131"", ""SR 71""]","[""SS\u201131"", ""SS31"", ""SS 31"", ""peptides""]",,
BPC‑157 peptide,intake,"[""B P C""]","[""BPC"", ""BPC-157"", ""peptides""]",,
Stem cell treatment,intervention,"[""supernatent"", ""super name""]","[""stem cells""]",,
PONS device,device,"[""ponds""]","[""pons therapy"", ""PONS""]",,
HMB (beta‑hydroxy beta‑methylbutyrate),intake,"[""H&B""]","[""HMB""]",,
Melatonin,intake,[],"[""night pill""]",,
Paracetamol,intake,[],"[""acetaminophen"", ""tylenol""]",,
Doxycycline,intake,[],"[""antibiotic""]",,
Zyrtec,intake,[],"[""cetirizine""]",,
Topical minoxidil,intake,"[""regain""]","[""Rogaine""]",,
Cocovia,intake,[],"[""cacao"", ""cocoa""]",,
Caffeine,other,"[""hoji isa""]","[""espresso"", ""decaf"", ""coffee"", ""matcha"", ""houjicha"", ""double shot""]",,
Sauna,activity,[],[],,
Hot tub,activity,[],"[""hot soak""]",,
Meditation,activity,[],"[""mindful session""]",,
Zone 2,activity,[],"[""zone 2 cardio"", ""zone two""]",,
4x4 interval training,activity,"[""pseudo 4x4""]","[""4x4"", ""4 by 4"", ""four by four""]",,
Elliptical (Technogym),activity,[],"[""elliptical machine"", ""Technogym elliptical"", ""techno gym""]",,
Treadmill,activity,"[""wood way""]","[""treadmill"", ""woodway""]",,
Weights,activity,[],"[""weightlifting"", ""resistance training"", ""strength training"", ""lifting""]",,
